srcip,dstip,count
57,1,221
151,1,209
183,1,209
129,1,194
161,8,179
125,1,175
58,18,175
138,10,174
130,1,170
180,10,169
7,8,168
204,1,168
9,10,160
98,10,153
195,1,151
155,18,151
36,1,147
336,1,144
150,18,143
226,1,142
128,18,139
265,1,135
331,10,134
217,18,134
389,10,133
170,1,133
182,10,131
75,1,130
158,18,128
168,1,126
122,1,122
148,1,121
164,1,120
202,18,120
378,10,119
17,1,119
39,18,116
338,1,114
177,1,109
82,18,108
106,1,106
207,1,106
54,18,106
101,10,102
188,10,101
266,10,100
5,6,100
53,8,99
159,18,98
173,10,97
81,18,96
121,10,95
142,18,95
462,463,91
96,97,90
186,1,89
103,1,87
325,324,85
401,402,83
190,1,81
287,18,80
203,1,78
290,291,77
326,327,77
41,18,77
72,1,76
357,358,75
199,18,75
107,10,74
83,10,73
386,10,71
71,8,69
112,18,68
391,392,67
85,1,66
270,271,64
152,1,64
163,1,63
34,1,62
300,10,62
141,18,62
166,1,61
455,8,60
303,1,60
305,306,59
165,10,59
500,501,57
430,431,56
301,302,56
390,8,56
567,568,55
316,317,55
108,1,55
35,18,54
382,383,54
47,1,53
119,120,53
285,286,52
3,4,51
216,1,51
160,10,51
284,10,50
105,104,50
102,10,50
140,18,50
135,1,50
365,366,50
61,1,50
111,10,49
113,8,48
65,1,48
507,508,47
414,413,47
62,10,46
213,18,46
227,1,44
473,474,43
344,345,43
415,413,43
65,18,42
214,1,42
278,1,42
258,259,40
29,18,40
308,1,40
63,1,40
442,443,39
69,70,38
379,380,37
51,1,37
15,1,37
514,8,37
224,225,36
208,18,35
385,18,35
240,1,35
55,1,35
157,1,34
74,1,34
132,18,34
65,66,33
16,10,32
330,1,32
469,8,32
30,31,32
298,299,32
123,124,32
2,1,31
56,1,31
80,10,31
73,18,31
46,18,31
1,151,31
64,10,31
52,10,30
255,1,30
322,1,30
496,495,30
352,1,30
209,1,29
133,1,29
444,445,29
145,146,29
267,268,29
192,1,29
211,1,29
363,364,29
244,10,28
425,426,28
28,10,28
289,1,28
67,68,28
20,1,28
347,18,28
262,1,28
359,8,28
274,273,27
477,478,27
288,10,27
59,1,27
18,150,27
436,8,27
372,18,27
476,8,26
8,7,26
154,18,26
114,115,26
297,296,26
494,8,26
282,283,26
167,1,26
90,91,26
10,9,26
417,416,25
483,8,25
233,234,25
1,183,25
1,57,25
8,161,24
242,243,24
60,18,24
21,10,24
12,1,24
556,10,24
143,144,23
310,1,23
19,18,23
11,10,23
18,58,23
497,1,23
435,434,23
464,8,22
349,348,22
269,1,22
76,77,22
185,10,22
314,313,22
313,314,22
10,138,22
205,18,22
230,1,21
245,1,21
1,129,21
95,94,21
1,125,21
23,1,21
116,1,21
328,329,20
109,110,20
337,1,20
235,1,20
1,336,20
518,519,20
10,180,20
480,8,19
1,130,19
497,18,19
490,491,19
396,397,19
50,49,19
18,155,19
93,18,19
482,481,19
1,36,18
248,249,18
194,10,18
1,195,18
18,128,18
504,8,18
1,122,18
276,277,18
8,548,18
44,1,17
189,1,17
18,217,17
10,389,17
174,175,17
10,25,17
257,1,17
134,1,17
137,548,17
1,17,16
10,121,16
156,1,16
25,10,16
520,521,16
433,432,16
10,182,16
528,8,16
1,164,16
222,223,16
45,18,16
407,8,16
505,8,16
1,204,15
153,1,15
18,158,15
10,378,15
538,8,15
10,331,15
1,186,15
18,202,15
37,38,15
198,1,15
1,157,15
1,47,15
315,18,15
318,1,15
321,1,15
616,8,15
368,367,15
247,1,15
350,351,15
1,166,15
18,82,15
1,168,15
18,142,14
510,511,14
607,608,14
18,39,14
353,354,14
1,265,14
18,54,14
1,170,14
1,75,14
1,55,14
10,107,14
1,214,14
395,394,14
574,575,14
10,101,14
6,5,14
402,401,14
1,106,13
439,8,13
8,53,13
117,118,13
1,85,13
560,561,13
10,11,13
1,177,13
1,34,13
333,334,13
1,56,13
509,8,13
526,8,13
10,266,13
448,449,13
497,499,13
10,102,13
236,10,13
99,100,13
1,338,13
1,226,13
1,61,12
1,108,12
1,209,12
10,165,12
1,207,12
1,190,12
1,135,12
1,189,12
577,576,12
1,152,12
572,573,12
10,98,12
515,8,12
4,3,12
1,216,12
18,159,12
8,71,12
1,308,12
236,1,12
197,1,12
463,462,12
418,419,12
522,1,12
524,8,12
420,1,12
10,80,11
429,1,11
10,64,11
24,1,11
447,8,11
18,81,11
1,352,11
1,163,11
1,148,11
235,18,11
486,487,11
18,60,11
261,260,11
18,35,11
18,29,11
1,20,11
1,103,11
324,325,11
291,290,11
8,113,11
295,294,11
97,96,11
557,558,11
10,83,11
10,62,11
18,287,11
10,16,11
10,111,11
10,160,11
1,12,11
1,230,11
18,213,11
1,240,11
1,203,11
18,372,11
10,188,11
1,269,11
10,244,10
8,359,10
1,51,10
18,19,10
8,455,10
1,227,10
471,472,10
8,390,10
472,471,10
595,1,10
1,74,10
857,1,10
18,385,10
48,38,10
857,18,10
18,199,10
42,43,10
156,10,10
450,451,10
1,192,10
502,1,10
312,1,10
79,78,10
18,73,10
1,245,10
241,1,10
1,235,10
1,278,10
10,185,10
376,375,10
256,1,10
1,23,10
1,63,10
1,15,9
18,140,9
18,347,9
18,46,9
18,208,9
18,86,9
1,24,9
18,132,9
27,26,9
253,252,9
1,330,9
10,284,9
1,595,9
1,337,9
488,8,9
1,59,9
1,322,9
1,321,9
358,357,9
147,1,9
10,21,9
1,211,9
1,465,9
592,8,9
40,8,9
1,87,9
327,326,9
8,407,9
10,386,9
86,18,9
585,584,9
412,411,8
410,18,8
311,1,8
392,391,8
343,342,8
361,1,8
339,1,8
18,45,8
18,112,8
271,270,8
272,1,8
250,1,8
38,37,8
197,18,8
120,119,8
905,10,8
87,1,8
22,10,8
92,1,8
94,95,8
550,8,8
306,305,8
193,10,8
18,205,8
498,8,8
162,1,8
18,154,8
18,141,8
178,18,8
302,301,8
1,2,8
1,256,8
8,538,8
1,92,8
1,116,8
10,52,8
10,28,8
1,133,8
8,469,8
1,167,8
1,310,8
10,194,8
1,247,8
1,65,8
1,502,8
1,147,8
1,255,8
1,303,8
31,30,7
8,476,7
495,496,7
8,504,7
1,272,7
445,444,7
408,1,7
104,105,7
501,500,7
1,72,7
431,430,7
1,127,7
8,436,7
281,1,7
171,172,7
481,482,7
88,89,7
293,292,7
231,232,7
234,233,7
127,1,7
582,581,7
568,567,7
18,41,7
273,274,7
663,1,7
1,44,7
467,1,7
319,320,7
38,48,7
10,173,7
18,315,7
451,450,6
236,237,6
437,8,6
465,1,6
78,79,6
383,382,6
1,522,6
49,50,6
8,341,6
286,285,6
8,40,6
296,297,6
304,38,6
312,10,6
317,316,6
671,10,6
345,344,6
364,363,6
864,8,6
366,365,6
367,368,6
26,27,6
268,267,6
478,477,6
8,494,6
406,405,6
413,414,6
413,415,6
474,473,6
144,143,6
531,8,6
184,18,6
581,582,6
10,22,6
1,262,6
1,281,6
1,257,6
124,123,6
178,8,6
1,134,6
18,93,6
18,65,6
405,406,5
1,374,5
410,8,5
8,488,5
394,395,5
527,8,5
259,258,5
260,261,5
8,498,5
8,464,5
561,560,5
8,505,5
8,509,5
519,518,5
334,333,5
351,350,5
588,10,5
589,1,5
115,114,5
156,778,5
341,8,5
1,198,5
536,8,5
175,174,5
136,137,5
369,18,5
110,109,5
8,480,5
10,641,5
329,328,5
374,1,5
18,184,5
380,379,5
1,241,5
625,1,5
10,288,5
8,528,5
416,417,5
8,526,5
243,242,5
1,289,5
1,153,5
459,1,5
576,577,5
197,201,5
223,222,5
91,90,5
1,339,5
608,607,5
225,224,5
13,14,5
617,1,5
299,298,5
283,282,5
511,510,5
348,349,5
100,99,5
8,514,5
421,1,5
68,67,5
443,442,5
874,18,5
508,507,5
432,433,5
434,435,5
70,69,5
1,466,5
8,447,4
8,864,4
277,276,4
8,439,4
146,145,4
118,117,4
8,563,4
275,18,4
8,515,4
8,559,4
89,88,4
8,550,4
8,592,4
8,531,4
8,623,4
8,437,4
8,524,4
8,516,4
249,248,4
272,10,4
10,556,4
66,65,4
8,634,4
252,253,4
10,588,4
178,179,4
741,8,4
8,470,4
10,193,4
77,76,4
8,616,4
1,420,4
623,8,4
1,475,4
618,8,4
452,1,4
453,1,4
458,8,4
614,613,4
1,429,4
903,1,4
1,421,4
292,293,4
1,361,4
1,360,4
484,10,4
487,486,4
1,318,4
922,10,4
1,250,4
516,8,4
521,520,4
933,1,4
534,533,4
536,10,4
547,1,4
1,196,4
1,181,4
563,8,4
573,572,4
575,574,4
578,1,4
426,425,4
840,10,4
419,418,4
1,700,4
342,343,4
320,319,4
388,18,4
354,353,4
1,610,4
373,18,4
397,396,4
634,8,4
411,412,4
32,33,4
1,933,4
641,10,4
360,1,3
533,534,3
1,218,3
546,1,3
647,8,3
548,137,3
709,8,3
523,18,3
8,792,3
323,18,3
712,1,3
1,236,3
559,8,3
584,585,3
566,10,3
1,162,3
717,10,3
664,10,3
149,18,3
149,1,3
294,295,3
181,1,3
370,8,3
645,10,3
1,388,3
628,10,3
1,467,3
1,459,3
449,448,3
254,1,3
1,446,3
1,589,3
613,614,3
1,617,3
1,408,3
610,1,3
388,1,3
698,8,3
1,625,3
8,483,3
218,1,3
491,490,3
580,10,3
1,311,3
370,18,3
694,10,3
196,1,3
1,254,3
1,544,3
669,10,3
375,376,3
18,373,3
43,42,3
10,272,3
10,652,3
10,602,3
10,752,3
10,580,3
848,8,3
33,32,3
783,38,3
18,235,3
743,18,3
18,497,3
18,275,3
10,210,3
748,10,3
642,8,2
1,650,2
731,10,2
13,8,2
25,871,2
381,10,2
10,728,2
371,10,2
10,717,2
10,738,2
636,10,2
1,637,2
639,8,2
428,1,2
871,25,2
863,10,2
855,10,2
629,8,2
853,10,2
629,18,2
1,597,2
400,18,2
399,18,2
847,10,2
18,934,2
1,615,2
844,10,2
637,1,2
645,1,2
10,704,2
1,663,2
440,1,2
1,765,2
654,8,2
655,656,2
1,779,2
1,789,2
1,796,2
814,10,2
1,856,2
1,857,2
309,10,2
666,1,2
1,895,2
1,903,2
802,8,2
1,936,2
816,10,2
652,10,2
1,762,2
1,720,2
362,18,2
1,679,2
1,680,2
10,694,2
356,10,2
1,712,2
824,10,2
1,757,2
648,8,2
649,10,2
650,1,2
1,747,2
1,750,2
1,756,2
18,703,2
887,10,2
886,1,2
10,823,2
543,10,2
539,1,2
10,840,2
934,18,2
10,835,2
18,178,2
596,8,2
530,1,2
597,1,2
10,833,2
600,1,2
10,828,2
523,1,2
18,206,2
10,824,2
544,1,2
10,847,2
548,8,2
10,893,2
13,10,2
10,944,2
10,928,2
10,906,2
10,905,2
948,18,2
945,18,2
10,853,2
558,557,2
586,8,2
942,1,2
554,10,2
10,863,2
590,10,2
18,212,2
931,1,2
18,699,2
517,18,2
906,10,2
18,579,2
466,1,2
902,10,2
1,428,2
18,622,2
1,440,2
615,1,2
18,644,2
895,1,2
1,452,2
1,453,2
1,456,2
792,8,2
18,695,2
18,532,2
475,1,2
18,489,2
18,362,2
602,10,2
512,8,2
506,10,2
604,1,2
604,18,2
499,497,2
18,369,2
18,427,2
18,399,2
18,400,2
489,18,2
18,404,2
916,18,2
914,18,2
796,1,2
1,710,2
579,18,2
713,10,2
10,187,2
8,676,2
750,1,2
10,156,2
10,554,2
8,586,2
764,1,2
8,513,2
684,10,2
700,1,2
718,18,2
8,512,2
187,10,2
10,593,2
767,1,2
8,802,2
739,10,2
8,648,2
126,38,2
8,820,2
10,525,2
760,1,2
674,18,2
707,18,2
8,565,2
752,10,2
680,1,2
703,18,2
704,10,2
754,38,2
8,686,2
10,403,2
84,38,2
755,10,2
756,1,2
8,698,2
8,709,2
10,479,2
172,171,2
676,8,2
10,191,2
705,18,2
706,1,2
8,647,2
673,1,2
695,18,2
8,873,2
747,1,2
212,18,2
8,458,2
8,596,2
693,8,2
688,8,2
10,356,2
10,684,2
10,687,2
8,611,2
692,10,2
206,18,2
8,612,2
10,371,2
670,18,2
8,618,2
789,1,2
10,300,2
8,688,2
720,1,2
10,384,2
10,636,2
8,642,2
10,669,2
10,671,2
8,848,2
686,8,2
738,10,2
746,10,1
920,18,1
911,8,1
900,38,1
921,18,1
745,10,1
702,38,1
898,1,1
897,38,1
605,8,1
915,18,1
909,38,1
910,10,1
908,38,1
699,18,1
918,18,1
917,8,1
609,10,1
701,18,1
904,18,1
912,1,1
697,10,1
606,18,1
611,8,1
696,8,1
907,10,1
913,38,1
930,8,1
923,8,1
723,8,1
736,10,1
941,38,1
721,8,1
587,10,1
734,38,1
733,18,1
943,18,1
944,10,1
722,18,1
946,10,1
947,38,1
724,8,1
737,10,1
725,10,1
726,18,1
583,38,1
949,18,1
950,8,1
727,18,1
951,10,1
952,18,1
728,10,1
953,10,1
729,1,1
940,939,1
939,940,1
742,1,1
740,18,1
924,8,1
925,10,1
926,927,1
927,926,1
928,10,1
929,18,1
690,689,1
708,18,1
710,1,1
711,18,1
601,18,1
598,18,1
719,10,1
931,10,1
714,10,1
715,8,1
932,1,1
716,1,1
935,10,1
937,10,1
594,8,1
593,10,1
719,8,1
938,10,1
691,18,1
794,1,1
896,8,1
819,1,1
775,809,1
775,776,1
653,38,1
773,799,1
773,774,1
771,1,1
672,10,1
770,1,1
651,1,1
817,1,1
818,38,1
769,1,1
768,8,1
777,38,1
820,8,1
766,8,1
825,18,1
732,18,1
826,1,1
765,1,1
646,10,1
829,1,1
763,8,1
762,1,1
830,18,1
761,38,1
815,10,1
656,655,1
833,10,1
807,808,1
797,8,1
800,38,1
668,18,1
788,38,1
803,1,1
667,10,1
786,787,1
667,8,1
804,10,1
665,18,1
784,38,1
805,806,1
808,807,1
778,156,1
780,38,1
662,18,1
660,1,1
659,8,1
808,862,1
658,8,1
808,868,1
811,8,1
657,10,1
656,798,1
656,793,1
779,1,1
831,38,1
834,10,1
894,1,1
876,8,1
626,8,1
859,8,1
861,8,1
685,38,1
867,18,1
624,8,1
872,1,1
622,18,1
873,8,1
621,1,1
620,8,1
875,8,1
878,10,1
858,18,1
879,10,1
795,8,1
619,18,1
881,8,1
884,8,1
885,8,1
687,10,1
689,690,1
890,891,1
891,890,1
749,10,1
893,10,1
627,10,1
856,1,1
759,8,1
635,1,1
644,18,1
758,8,1
675,10,1
643,1,1
677,10,1
837,1,1
678,10,1
841,10,1
679,1,1
842,18,1
753,10,1
843,8,1
845,18,1
854,18,1
846,18,1
633,18,1
631,10,1
751,1,1
630,18,1
681,18,1
682,10,1
683,8,1
849,1,1
850,10,1
683,10,1
852,8,1
880,10,1
10,946,1
1,156,1
10,713,1
38,84,1
38,126,1
38,246,1
38,304,1
38,583,1
38,653,1
38,702,1
38,735,1
38,761,1
38,780,1
38,781,1
38,782,1
38,783,1
38,784,1
38,785,1
38,788,1
38,791,1
10,697,1
10,714,1
18,858,1
10,719,1
18,867,1
18,874,1
18,888,1
18,889,1
18,904,1
18,915,1
18,916,1
18,918,1
18,920,1
18,929,1
18,952,1
10,804,1
10,749,1
10,748,1
10,739,1
10,736,1
10,725,1
38,800,1
38,818,1
38,831,1
38,897,1
60,640,1
10,609,1
10,590,1
10,587,1
10,566,1
10,552,1
10,543,1
10,542,1
10,506,1
10,485,1
10,484,1
10,461,1
10,460,1
10,457,1
10,441,1
10,424,1
10,423,1
10,627,1
10,628,1
10,631,1
10,682,1
38,900,1
38,901,1
38,908,1
38,909,1
38,913,1
38,941,1
38,947,1
10,678,1
10,646,1
10,677,1
10,675,1
10,672,1
10,667,1
10,664,1
10,657,1
10,649,1
18,860,1
18,857,1
570,8,1
18,176,1
18,200,1
18,215,1
10,822,1
18,228,1
10,821,1
18,307,1
18,323,1
18,335,1
18,340,1
18,346,1
10,816,1
18,355,1
10,815,1
18,377,1
10,814,1
18,409,1
18,410,1
10,834,1
10,839,1
18,854,1
10,841,1
14,13,1
10,938,1
10,935,1
10,910,1
10,907,1
10,902,1
10,887,1
10,883,1
10,880,1
10,879,1
10,878,1
10,877,1
10,865,1
10,855,1
10,850,1
18,149,1
10,844,1
18,422,1
18,438,1
18,454,1
18,492,1
18,708,1
18,711,1
18,718,1
18,722,1
18,727,1
18,732,1
18,733,1
18,743,1
18,825,1
18,827,1
18,830,1
18,832,1
18,838,1
18,842,1
18,845,1
18,846,1
18,851,1
18,701,1
18,691,1
18,681,1
18,606,1
18,517,1
18,535,1
18,540,1
18,555,1
18,569,1
18,598,1
18,601,1
18,619,1
18,674,1
18,629,1
18,630,1
18,633,1
18,662,1
18,665,1
18,668,1
18,670,1
10,387,1
10,381,1
10,312,1
1,706,1
1,661,1
1,660,1
1,651,1
377,18,1
1,643,1
384,10,1
1,635,1
387,10,1
1,621,1
393,1,1
1,603,1
1,600,1
398,1,1
1,578,1
1,564,1
1,562,1
1,549,1
1,673,1
1,729,1
10,309,1
1,742,1
1,869,1
1,866,1
1,849,1
1,837,1
1,836,1
1,829,1
1,819,1
1,812,1
323,1,1
1,790,1
1,772,1
1,770,1
1,764,1
335,18,1
340,18,1
1,744,1
346,18,1
1,546,1
1,545,1
1,541,1
423,10,1
1,229,1
525,10,1
1,220,1
529,1,1
532,18,1
540,18,1
541,1,1
542,10,1
545,1,1
549,1,1
551,8,1
552,10,1
555,18,1
1,169,1
562,1,1
564,1,1
569,18,1
513,8,1
1,263,1
1,264,1
456,1,1
1,530,1
427,18,1
1,523,1
1,497,1
438,18,1
446,1,1
454,18,1
461,10,1
1,279,1
468,8,1
470,8,1
1,398,1
1,393,1
485,10,1
1,332,1
492,18,1
1,872,1
1,886,1
1,898,1
8,721,1
8,876,1
8,875,1
8,870,1
8,861,1
8,859,1
8,852,1
8,843,1
8,813,1
8,810,1
8,801,1
8,797,1
8,795,1
8,763,1
8,759,1
8,758,1
8,741,1
8,730,1
8,881,1
8,882,1
139,10,1
8,950,1
10,280,1
10,251,1
10,239,1
10,221,1
10,219,1
10,139,1
10,131,1
8,924,1
8,884,1
8,923,1
8,919,1
8,911,1
8,899,1
8,896,1
137,136,1
8,892,1
8,724,1
8,715,1
1,912,1
176,18,1
219,10,1
220,1,1
8,571,1
8,570,1
229,1,1
8,553,1
8,537,1
8,536,1
238,10,1
239,10,1
8,527,1
8,503,1
8,493,1
8,468,1
8,410,1
8,178,1
1,942,1
8,591,1
215,18,1
8,594,1
8,638,1
8,693,1
179,178,1
8,659,1
8,658,1
8,654,1
191,10,1
8,639,1
8,632,1
210,10,1
8,629,1
8,626,1
8,624,1
201,197,1
8,620,1
8,605,1
8,599,1
954,1,1
