srcip,dstip,dstport,count
57,1,34440,221
151,1,41882,209
183,1,45652,209
129,1,33040,194
161,8,45956,179
125,1,36478,175
58,18,53124,175
138,10,54648,174
130,1,51574,170
180,10,40288,169
7,8,50606,168
204,1,47192,168
9,10,53778,160
98,10,43582,153
195,1,50216,151
155,18,40262,151
36,1,44086,147
336,1,46686,144
150,18,58878,143
226,1,57928,142
128,18,34006,139
265,1,42576,135
331,10,38790,134
217,18,39092,134
389,10,59710,133
170,1,44102,133
182,10,47672,131
75,1,50862,130
158,18,59622,128
168,1,39502,126
122,1,57130,122
148,1,47496,121
164,1,41876,120
202,18,44612,120
378,10,41502,119
17,1,42896,119
39,18,47578,116
338,1,34454,114
177,1,35986,109
82,18,59582,108
106,1,34810,106
207,1,56756,106
54,18,43354,106
101,10,42336,102
188,10,46402,101
266,10,52424,100
5,6,36410,100
53,8,41228,99
159,18,48736,98
173,10,60640,97
81,18,42406,96
121,10,49812,95
142,18,40904,95
462,463,53844,91
96,97,50884,90
186,1,45246,89
103,1,58792,87
325,324,56902,85
401,402,40210,83
190,1,46058,81
287,18,35726,80
203,1,59272,78
290,291,55824,77
326,327,37820,77
41,18,38946,77
72,1,59948,76
357,358,33202,75
199,18,43070,75
107,10,46834,74
83,10,59464,73
386,10,47788,71
71,8,37972,69
112,18,32788,68
391,392,44480,67
85,1,44914,66
270,271,46728,64
152,1,52954,64
163,1,57498,63
34,1,38056,62
300,10,55158,62
141,18,47868,62
166,1,43452,61
455,8,34806,60
303,1,55034,60
305,306,54508,59
165,10,43060,59
500,501,46420,57
430,431,44706,56
301,302,49210,56
390,8,59992,56
567,568,47194,55
316,317,45112,55
108,1,35512,55
35,18,59018,54
382,383,53632,54
47,1,34772,53
119,120,38452,53
285,286,50332,52
3,4,57592,51
216,1,46720,51
160,10,51692,51
284,10,36810,50
105,104,57858,50
102,10,52680,50
140,18,47222,50
135,1,36030,50
365,366,56358,50
61,1,55802,50
111,10,60370,49
113,8,52824,48
65,1,49936,48
507,508,58528,47
414,413,49516,47
62,10,45648,46
213,18,52022,46
227,1,36086,44
473,474,33030,43
344,345,51056,43
415,413,50568,43
65,18,58246,42
214,1,57592,42
278,1,40682,42
258,259,50426,40
29,18,33156,40
308,1,46782,40
63,1,48396,40
442,443,56030,39
69,70,39002,38
379,380,57716,37
51,1,36090,37
15,1,59728,37
514,8,33030,37
224,225,33698,36
208,18,60162,35
385,18,46014,35
240,1,37192,35
55,1,44926,35
157,1,45094,34
74,1,49514,34
132,18,44902,34
65,66,35976,33
16,10,40308,32
330,1,57742,32
469,8,55818,32
30,31,59374,32
298,299,44596,32
123,124,60588,32
2,1,57528,31
56,1,48502,31
80,10,47670,31
73,18,33824,31
46,18,55550,31
1,151,2404,31
64,10,40386,31
52,10,45154,30
255,1,58366,30
322,1,35344,30
496,495,46782,30
352,1,48712,30
209,1,49960,29
133,1,49192,29
444,445,55620,29
145,146,45990,29
267,268,36086,29
192,1,40844,29
211,1,60662,29
363,364,36492,29
244,10,42002,28
425,426,35890,28
28,10,52250,28
289,1,49894,28
67,68,38594,28
20,1,50064,28
347,18,39220,28
262,1,46820,28
359,8,38848,28
274,273,60662,27
477,478,37192,27
288,10,53392,27
59,1,37146,27
18,150,2404,27
436,8,59374,27
372,18,55258,27
476,8,36492,26
8,7,2404,26
154,18,36410,26
114,115,54336,26
297,296,60666,26
494,8,55620,26
282,283,49192,26
167,1,39576,26
90,91,59102,26
10,9,2404,26
417,416,36742,25
483,8,36742,25
233,234,39852,25
1,183,2404,25
1,57,2404,25
8,161,2404,24
242,243,41702,24
60,18,54038,24
21,10,44970,24
12,1,55350,24
556,10,45974,24
143,144,39962,23
310,1,37006,23
19,18,53348,23
11,10,57720,23
18,58,2404,23
497,1,58172,23
435,434,49820,23
464,8,39852,22
349,348,33676,22
269,1,43662,22
76,77,51264,22
185,10,52868,22
314,313,2404,22
313,314,2404,22
10,138,2404,22
205,18,43500,22
230,1,37088,21
245,1,54852,21
1,129,2404,21
95,94,56118,21
1,125,2404,21
23,1,47588,21
116,1,33690,21
328,329,40972,20
109,110,42210,20
337,1,42698,20
235,1,57590,20
1,336,2404,20
518,519,32856,20
10,180,2404,20
480,8,41702,19
1,130,2404,19
497,18,34490,19
490,491,35316,19
396,397,45066,19
50,49,41308,19
18,155,2404,19
93,18,53306,19
482,481,39576,19
1,36,2404,18
248,249,38424,18
194,10,59282,18
1,195,2404,18
18,128,2404,18
504,8,39962,18
1,122,2404,18
276,277,46820,18
8,548,49728,18
44,1,35270,17
189,1,34958,17
18,217,2404,17
10,389,2404,17
174,175,54004,17
10,25,2404,17
257,1,48694,17
134,1,37748,17
137,548,49728,17
1,17,2404,16
10,121,2404,16
156,1,42472,16
25,10,50750,16
520,521,60676,16
433,432,46018,16
10,182,2404,16
528,8,60676,16
1,164,2404,16
222,223,37480,16
45,18,43882,16
407,8,40144,16
505,8,56118,16
1,204,2404,15
153,1,54004,15
18,158,2404,15
10,378,2404,15
538,8,48138,15
10,331,2404,15
1,186,2404,15
18,202,2404,15
37,38,51770,15
198,1,40696,15
1,157,2404,15
1,47,2404,15
315,18,40076,15
318,1,53830,15
321,1,57554,15
616,8,40972,15
368,367,59454,15
247,1,37478,15
350,351,37748,15
1,166,2404,15
18,82,2404,15
1,168,2404,15
18,142,2404,14
510,511,44232,14
607,608,44845,14
18,39,2404,14
353,354,54976,14
1,265,2404,14
18,54,2404,14
1,170,2404,14
1,75,2404,14
1,55,2404,14
10,107,2404,14
1,214,2404,14
395,394,43666,14
574,575,44550,14
10,101,2404,14
6,5,2404,14
402,401,2404,14
1,106,2404,13
439,8,38152,13
8,53,2404,13
117,118,37612,13
1,85,2404,13
560,561,38152,13
10,11,2404,13
1,177,2404,13
1,34,2404,13
333,334,50686,13
1,56,2404,13
509,8,42080,13
526,8,36104,13
10,266,2404,13
448,449,48694,13
497,499,48030,13
10,102,2404,13
236,10,41900,13
99,100,42080,13
1,338,2404,13
1,226,2404,13
1,61,2404,12
1,108,2404,12
1,209,2404,12
10,165,2404,12
1,207,2404,12
1,190,2404,12
1,135,2404,12
1,189,2404,12
577,576,44878,12
1,152,2404,12
572,573,53166,12
10,98,2404,12
515,8,49712,12
4,3,2404,12
1,216,2404,12
18,159,2404,12
8,71,2404,12
1,308,2404,12
236,1,56742,12
197,1,49052,12
463,462,2404,12
418,419,60204,12
522,1,45550,12
524,8,43666,12
420,1,45684,12
10,80,2404,11
429,1,43398,11
10,64,2404,11
24,1,36680,11
447,8,60204,11
18,81,2404,11
1,352,2404,11
1,163,2404,11
1,148,2404,11
235,18,50272,11
486,487,49712,11
18,60,2404,11
261,260,40696,11
18,35,2404,11
18,29,2404,11
1,20,2404,11
1,103,2404,11
324,325,2404,11
291,290,2404,11
8,113,2404,11
295,294,45002,11
97,96,2404,11
557,558,57378,11
10,83,2404,11
10,62,2404,11
18,287,2404,11
10,16,2404,11
10,111,2404,11
10,160,2404,11
1,12,2404,11
1,230,2404,11
18,213,2404,11
1,240,2404,11
1,203,2404,11
18,372,2404,11
10,188,2404,11
1,269,2404,11
10,244,2404,10
8,359,2404,10
1,51,2404,10
18,19,2404,10
8,455,2404,10
1,227,2404,10
471,472,2404,10
8,390,2404,10
472,471,2404,10
595,1,43536,10
1,74,2404,10
857,1,40678,10
18,385,2404,10
48,38,51820,10
857,18,58628,10
18,199,2404,10
42,43,55822,10
156,10,38458,10
450,451,44484,10
1,192,2404,10
502,1,57468,10
312,1,48874,10
79,78,57468,10
18,73,2404,10
1,245,2404,10
241,1,54544,10
1,235,2404,10
1,278,2404,10
10,185,2404,10
376,375,53830,10
256,1,60864,10
1,23,2404,10
1,63,2404,10
1,15,2404,9
18,140,2404,9
18,347,2404,9
18,46,2404,9
18,208,2404,9
18,86,2404,9
1,24,2404,9
18,132,2404,9
27,26,60986,9
253,252,44808,9
1,330,2404,9
10,284,2404,9
1,595,2404,9
1,337,2404,9
488,8,50116,9
1,59,2404,9
1,322,2404,9
1,321,2404,9
358,357,2404,9
147,1,33946,9
10,21,2404,9
1,211,2404,9
1,465,2404,9
592,8,45190,9
40,8,37354,9
1,87,2404,9
327,326,2404,9
8,407,2404,9
10,386,2404,9
86,18,33198,9
585,584,51376,9
412,411,53858,8
410,18,45684,8
311,1,60870,8
392,391,2404,8
343,342,36884,8
361,1,53858,8
339,1,52626,8
18,45,2404,8
18,112,2404,8
271,270,2404,8
272,1,35112,8
250,1,46408,8
38,37,2404,8
197,18,59134,8
120,119,2404,8
905,10,60608,8
87,1,35764,8
22,10,53212,8
92,1,40100,8
94,95,2404,8
550,8,47800,8
306,305,2404,8
193,10,38738,8
18,205,2404,8
498,8,44484,8
162,1,50700,8
18,154,2404,8
18,141,2404,8
178,18,48608,8
302,301,2404,8
1,2,2404,8
1,256,2404,8
8,538,2404,8
1,92,2404,8
1,116,2404,8
10,52,2404,8
10,28,2404,8
1,133,2404,8
8,469,2404,8
1,167,2404,8
1,310,2404,8
10,194,2404,8
1,247,2404,8
1,65,2404,8
1,502,2404,8
1,147,2404,8
1,255,2404,8
1,303,2404,8
31,30,2404,7
8,476,2404,7
495,496,2404,7
8,504,2404,7
1,272,2404,7
445,444,2404,7
408,1,51636,7
104,105,2404,7
501,500,2404,7
1,72,2404,7
431,430,2404,7
1,127,2404,7
8,436,2404,7
281,1,44712,7
171,172,40982,7
481,482,2404,7
88,89,42138,7
293,292,46408,7
231,232,49638,7
234,233,2404,7
127,1,53074,7
582,581,2404,7
568,567,2404,7
18,41,2404,7
273,274,2404,7
663,1,2404,7
1,44,2404,7
467,1,40906,7
319,320,34910,7
38,48,2404,7
10,173,2404,7
18,315,2404,7
451,450,2404,6
236,237,60450,6
437,8,33698,6
465,1,55982,6
78,79,2404,6
383,382,2404,6
1,522,2404,6
49,50,2404,6
8,341,2404,6
286,285,2404,6
8,40,2404,6
296,297,2404,6
304,38,54114,6
312,10,38698,6
317,316,2404,6
671,10,37148,6
345,344,2404,6
364,363,2404,6
864,8,42320,6
366,365,2404,6
367,368,2404,6
26,27,2404,6
268,267,2404,6
478,477,2404,6
8,494,2404,6
406,405,57956,6
413,414,2404,6
413,415,2404,6
474,473,2404,6
144,143,2404,6
531,8,46552,6
184,18,33374,6
581,582,2404,6
10,22,2404,6
1,262,2404,6
1,281,2404,6
1,257,2404,6
124,123,2404,6
178,8,39310,6
1,134,2404,6
18,93,2404,6
18,65,2404,6
405,406,2404,5
1,374,2404,5
410,8,55218,5
8,488,2404,5
394,395,2404,5
527,8,51172,5
259,258,2404,5
260,261,2404,5
8,498,2404,5
8,464,2404,5
561,560,2404,5
8,505,2404,5
8,509,2404,5
519,518,2404,5
334,333,2404,5
351,350,2404,5
588,10,38732,5
589,1,42016,5
115,114,2404,5
156,778,39712,5
341,8,60394,5
1,198,2404,5
536,8,55672,5
175,174,2404,5
136,137,49644,5
369,18,56828,5
110,109,2404,5
8,480,2404,5
10,641,2404,5
329,328,2404,5
374,1,57956,5
18,184,2404,5
380,379,2404,5
1,241,2404,5
625,1,54654,5
10,288,2404,5
8,528,2404,5
416,417,2404,5
8,526,2404,5
243,242,2404,5
1,289,2404,5
1,153,2404,5
459,1,2404,5
576,577,2404,5
197,201,60694,5
223,222,2404,5
91,90,2404,5
1,339,2404,5
608,607,2404,5
225,224,2404,5
13,14,34422,5
617,1,52492,5
299,298,2404,5
283,282,2404,5
511,510,2404,5
348,349,2404,5
100,99,2404,5
8,514,2404,5
421,1,50732,5
68,67,2404,5
443,442,2404,5
874,18,56988,5
508,507,2404,5
432,433,2404,5
434,435,2404,5
70,69,2404,5
1,466,2404,5
8,447,2404,4
8,864,2405,4
277,276,2404,4
8,439,2404,4
146,145,2404,4
118,117,2404,4
8,563,2404,4
275,18,40982,4
8,515,2404,4
8,559,2404,4
89,88,2404,4
8,550,2404,4
8,592,2404,4
8,531,2404,4
8,623,2404,4
8,437,2404,4
8,524,2404,4
8,516,2404,4
249,248,2404,4
272,10,60256,4
10,556,2404,4
66,65,2404,4
8,634,2404,4
252,253,2404,4
10,588,2404,4
178,179,39570,4
741,8,2404,4
8,470,2404,4
10,193,2404,4
77,76,2404,4
8,616,2404,4
1,420,2404,4
623,8,60742,4
1,475,2404,4
618,8,2404,4
452,1,40348,4
453,1,59218,4
458,8,54810,4
614,613,53074,4
1,429,2404,4
903,1,45836,4
1,421,2404,4
292,293,2404,4
1,361,2404,4
1,360,2404,4
484,10,57604,4
487,486,2404,4
1,318,2404,4
922,10,52732,4
1,250,2404,4
516,8,48854,4
521,520,2404,4
933,1,45832,4
534,533,48328,4
536,10,33018,4
547,1,60408,4
1,196,2404,4
1,181,2404,4
563,8,36094,4
573,572,2404,4
575,574,2404,4
578,1,45674,4
426,425,2404,4
840,10,34636,4
419,418,2404,4
1,700,2404,4
342,343,2404,4
320,319,2404,4
388,18,35146,4
354,353,2404,4
1,610,2404,4
373,18,46402,4
397,396,2404,4
634,8,59272,4
411,412,2404,4
32,33,2404,4
1,933,2404,4
641,10,41076,4
360,1,37262,3
533,534,2404,3
1,218,2404,3
546,1,57162,3
647,8,54502,3
548,137,2404,3
709,8,39362,3
523,18,58344,3
8,792,2404,3
323,18,42046,3
712,1,48538,3
1,236,2404,3
559,8,34378,3
584,585,2404,3
566,10,54242,3
1,162,2404,3
717,10,36672,3
664,10,44434,3
149,18,47904,3
149,1,50260,3
294,295,2404,3
181,1,53460,3
370,8,54096,3
645,10,36154,3
1,388,2404,3
628,10,33888,3
1,467,2404,3
1,459,1024,3
449,448,2404,3
254,1,37864,3
1,446,2404,3
1,589,2404,3
613,614,2404,3
1,617,2404,3
1,408,2404,3
610,1,60236,3
388,1,35346,3
698,8,53926,3
1,625,2404,3
8,483,2404,3
218,1,47334,3
491,490,2404,3
580,10,45024,3
1,311,2404,3
370,18,57120,3
694,10,60840,3
196,1,40054,3
1,254,2404,3
1,544,2404,3
669,10,55930,3
375,376,2404,3
18,373,2404,3
43,42,2404,3
10,272,2404,3
10,652,2404,3
10,602,2404,3
10,752,2404,3
10,580,2404,3
848,8,33516,3
33,32,58562,3
783,38,51742,3
18,235,2404,3
743,18,53228,3
18,497,2404,3
18,275,2404,3
10,210,2404,3
748,10,60012,3
642,8,43454,2
1,650,2404,2
731,10,47068,2
13,8,57590,2
25,871,2404,2
381,10,47226,2
10,728,2404,2
371,10,43082,2
10,717,2404,2
10,738,2404,2
636,10,51410,2
1,637,41456,2
639,8,44262,2
428,1,2404,2
871,25,54626,2
863,10,53956,2
855,10,43636,2
629,8,49542,2
853,10,41336,2
629,18,60582,2
1,597,2404,2
400,18,46582,2
399,18,40624,2
847,10,51794,2
18,934,2404,2
1,615,1024,2
844,10,53790,2
637,1,2404,2
645,1,41184,2
10,704,2404,2
1,663,52968,2
440,1,55440,2
1,765,2404,2
654,8,35352,2
655,656,50367,2
1,779,2404,2
1,789,2404,2
1,796,2404,2
814,10,53318,2
1,856,2404,2
1,857,2404,2
309,10,60528,2
666,1,2404,2
1,895,2404,2
1,903,2404,2
802,8,57860,2
1,936,1024,2
816,10,33776,2
652,10,39402,2
1,762,2404,2
1,720,1026,2
362,18,59668,2
1,679,2404,2
1,680,1024,2
10,694,2404,2
356,10,49220,2
1,712,2404,2
824,10,36228,2
1,757,2404,2
648,8,44418,2
649,10,58060,2
650,1,35096,2
1,747,2404,2
1,750,2404,2
1,756,2404,2
18,703,2404,2
887,10,55060,2
886,1,2404,2
10,823,2404,2
543,10,54644,2
539,1,2404,2
10,840,2404,2
934,18,56116,2
10,835,2404,2
18,178,2404,2
596,8,59424,2
530,1,37788,2
597,1,46028,2
10,833,2404,2
600,1,47788,2
10,828,2404,2
523,1,34692,2
18,206,2404,2
10,824,2404,2
544,1,50632,2
10,847,2404,2
548,8,2404,2
10,893,2404,2
13,10,59006,2
10,944,2404,2
10,928,2404,2
10,906,2404,2
10,905,2404,2
948,18,35590,2
945,18,42342,2
10,853,2404,2
558,557,2404,2
586,8,47104,2
942,1,2404,2
554,10,55544,2
10,863,2404,2
590,10,58086,2
18,212,2404,2
931,1,50394,2
18,699,2404,2
517,18,60208,2
906,10,53906,2
18,579,2404,2
466,1,37460,2
902,10,53226,2
1,428,1024,2
18,622,2404,2
1,440,2404,2
615,1,2404,2
18,644,2404,2
895,1,45226,2
1,452,2404,2
1,453,2404,2
1,456,2404,2
792,8,43866,2
18,695,2404,2
18,532,2404,2
475,1,43262,2
18,489,2404,2
18,362,2404,2
602,10,58882,2
512,8,50056,2
506,10,53106,2
604,1,60730,2
604,18,59300,2
499,497,2404,2
18,369,2404,2
18,427,2404,2
18,399,2404,2
18,400,2404,2
489,18,45814,2
18,404,2404,2
916,18,58358,2
914,18,45842,2
796,1,57084,2
1,710,2404,2
579,18,51896,2
713,10,36762,2
10,187,2404,2
8,676,2404,2
750,1,48630,2
10,156,2404,2
10,554,2404,2
8,586,2404,2
764,1,33320,2
8,513,1026,2
684,10,52034,2
700,1,43494,2
718,18,50206,2
8,512,2404,2
187,10,34004,2
10,593,2404,2
767,1,34628,2
8,802,2404,2
739,10,44540,2
8,648,2404,2
126,38,51717,2
8,820,2404,2
10,525,2404,2
760,1,51122,2
674,18,49140,2
707,18,54324,2
8,565,1026,2
752,10,52204,2
680,1,2404,2
703,18,44884,2
704,10,40480,2
754,38,51826,2
8,686,2404,2
10,403,2404,2
84,38,51407,2
755,10,33728,2
756,1,38384,2
8,698,2404,2
8,709,2404,2
10,479,2404,2
172,171,2404,2
676,8,33736,2
10,191,2404,2
705,18,34762,2
706,1,53906,2
8,647,2404,2
673,1,43120,2
695,18,42418,2
8,873,2404,2
747,1,38710,2
212,18,59564,2
8,458,2404,2
8,596,2404,2
693,8,37572,2
688,8,50810,2
10,356,2404,2
10,684,2404,2
10,687,2404,2
8,611,1025,2
692,10,57152,2
206,18,54706,2
8,612,2404,2
10,371,2404,2
670,18,44740,2
8,618,1026,2
789,1,40496,2
10,300,2404,2
8,688,2404,2
720,1,2404,2
10,384,2404,2
10,636,2404,2
8,642,2404,2
10,669,2404,2
10,671,2404,2
8,848,2404,2
686,8,47306,2
738,10,36528,2
746,10,55292,1
920,18,45286,1
911,8,38600,1
900,38,51408,1
921,18,39310,1
745,10,42252,1
702,38,59530,1
898,1,50168,1
897,38,51484,1
605,8,2404,1
915,18,40400,1
909,38,51415,1
910,10,57964,1
908,38,51483,1
699,18,54206,1
918,18,42258,1
917,8,2404,1
609,10,45962,1
701,18,46576,1
904,18,43980,1
912,1,60254,1
697,10,55066,1
606,18,50640,1
611,8,2404,1
696,8,2404,1
907,10,56442,1
913,38,51417,1
930,8,2404,1
923,8,2404,1
723,8,2404,1
736,10,40328,1
941,38,51844,1
721,8,54642,1
587,10,44326,1
734,38,51391,1
733,18,47154,1
943,18,34118,1
944,10,58034,1
722,18,39800,1
946,10,55526,1
947,38,51754,1
724,8,36280,1
737,10,36980,1
725,10,45318,1
726,18,57494,1
583,38,51845,1
949,18,40458,1
950,8,47238,1
727,18,55736,1
951,10,42262,1
952,18,36558,1
728,10,55228,1
953,10,38678,1
729,1,49902,1
940,939,2404,1
939,940,57181,1
742,1,53772,1
740,18,35618,1
924,8,58368,1
925,10,51170,1
926,927,60333,1
927,926,2404,1
928,10,34756,1
929,18,37794,1
690,689,2404,1
708,18,41728,1
710,1,39294,1
711,18,36058,1
601,18,48150,1
598,18,59002,1
719,10,56594,1
931,10,41068,1
714,10,56902,1
715,8,44028,1
932,1,55706,1
716,1,2404,1
935,10,59082,1
937,10,36128,1
594,8,2404,1
593,10,56350,1
719,8,38370,1
938,10,48480,1
691,18,58814,1
794,1,2404,1
896,8,57758,1
819,1,37050,1
775,809,2404,1
775,776,2404,1
653,38,51746,1
773,799,2404,1
773,774,2404,1
771,1,46542,1
672,10,54806,1
770,1,57496,1
651,1,33396,1
817,1,2404,1
818,38,51859,1
769,1,54304,1
768,8,2404,1
777,38,51395,1
820,8,52922,1
766,8,50402,1
825,18,50682,1
732,18,40912,1
826,1,2404,1
765,1,43006,1
646,10,45236,1
829,1,42990,1
763,8,43558,1
762,1,39528,1
830,18,48456,1
761,38,51726,1
815,10,45716,1
656,655,2404,1
833,10,58116,1
807,808,50161,1
797,8,34090,1
800,38,52334,1
668,18,48092,1
788,38,51704,1
803,1,2404,1
667,10,55692,1
786,787,2404,1
667,8,36034,1
804,10,48964,1
665,18,54434,1
784,38,51764,1
805,806,2404,1
808,807,2404,1
778,156,2404,1
780,38,51473,1
662,18,59036,1
660,1,2404,1
659,8,42632,1
808,862,2404,1
658,8,39396,1
808,868,2404,1
811,8,2404,1
657,10,42704,1
656,798,2404,1
656,793,2404,1
779,1,54268,1
831,38,51790,1
834,10,54136,1
894,1,2404,1
876,8,41030,1
626,8,59778,1
859,8,33246,1
861,8,2404,1
685,38,51722,1
867,18,35956,1
624,8,40668,1
872,1,36986,1
622,18,58804,1
873,8,38570,1
621,1,52022,1
620,8,2404,1
875,8,36842,1
878,10,41752,1
858,18,50630,1
879,10,50568,1
795,8,46370,1
619,18,33536,1
881,8,39090,1
884,8,40672,1
885,8,2404,1
687,10,57872,1
689,690,56154,1
890,891,2404,1
891,890,50423,1
749,10,59814,1
893,10,41100,1
627,10,35636,1
856,1,47122,1
759,8,2404,1
635,1,59736,1
644,18,33990,1
758,8,2404,1
675,10,55894,1
643,1,47250,1
677,10,58900,1
837,1,39314,1
678,10,45948,1
841,10,60954,1
679,1,55850,1
842,18,40890,1
753,10,58656,1
843,8,2404,1
845,18,40598,1
854,18,48458,1
846,18,39180,1
633,18,56666,1
631,10,48686,1
751,1,58358,1
630,18,44780,1
681,18,33182,1
682,10,58136,1
683,8,58322,1
849,1,57620,1
850,10,46480,1
683,10,41620,1
852,8,2404,1
880,10,51872,1
10,946,2404,1
1,156,2404,1
10,713,2404,1
38,84,2405,1
38,126,2405,1
38,246,2405,1
38,304,2404,1
38,583,2405,1
38,653,2405,1
38,702,2405,1
38,735,2405,1
38,761,2405,1
38,780,2405,1
38,781,2405,1
38,782,2405,1
38,783,2405,1
38,784,2405,1
38,785,2405,1
38,788,2405,1
38,791,2405,1
10,697,2404,1
10,714,2404,1
18,858,2404,1
10,719,2404,1
18,867,2404,1
18,874,2404,1
18,888,2404,1
18,889,2404,1
18,904,2404,1
18,915,2404,1
18,916,2404,1
18,918,2404,1
18,920,2404,1
18,929,2404,1
18,952,2404,1
10,804,2404,1
10,749,2404,1
10,748,2404,1
10,739,2404,1
10,736,2404,1
10,725,2404,1
38,800,2405,1
38,818,2405,1
38,831,2405,1
38,897,2405,1
60,640,2404,1
10,609,2404,1
10,590,2404,1
10,587,2404,1
10,566,2404,1
10,552,2404,1
10,543,2404,1
10,542,2404,1
10,506,2404,1
10,485,2404,1
10,484,2404,1
10,461,2404,1
10,460,2404,1
10,457,2404,1
10,441,2404,1
10,424,2404,1
10,423,2404,1
10,627,2404,1
10,628,2404,1
10,631,2404,1
10,682,2404,1
38,900,2405,1
38,901,2405,1
38,908,2405,1
38,909,2405,1
38,913,2405,1
38,941,2405,1
38,947,2405,1
10,678,2404,1
10,646,2404,1
10,677,2404,1
10,675,2404,1
10,672,2404,1
10,667,2404,1
10,664,2404,1
10,657,2404,1
10,649,2404,1
18,860,2404,1
18,857,2404,1
570,8,47106,1
18,176,2404,1
18,200,2404,1
18,215,2404,1
10,822,2404,1
18,228,2404,1
10,821,2404,1
18,307,2404,1
18,323,2404,1
18,335,2404,1
18,340,2404,1
18,346,2404,1
10,816,2404,1
18,355,2404,1
10,815,2404,1
18,377,2404,1
10,814,2404,1
18,409,2404,1
18,410,2404,1
10,834,2404,1
10,839,2404,1
18,854,2404,1
10,841,2404,1
14,13,2404,1
10,938,2404,1
10,935,2404,1
10,910,2404,1
10,907,2404,1
10,902,2404,1
10,887,2404,1
10,883,2404,1
10,880,2404,1
10,879,2404,1
10,878,2404,1
10,877,2404,1
10,865,2404,1
10,855,2404,1
10,850,2404,1
18,149,2404,1
10,844,2404,1
18,422,2404,1
18,438,2404,1
18,454,2404,1
18,492,2404,1
18,708,2404,1
18,711,2404,1
18,718,2404,1
18,722,2404,1
18,727,2404,1
18,732,2404,1
18,733,2404,1
18,743,2404,1
18,825,2404,1
18,827,2404,1
18,830,2404,1
18,832,2404,1
18,838,2404,1
18,842,2404,1
18,845,2404,1
18,846,2404,1
18,851,2404,1
18,701,2404,1
18,691,2404,1
18,681,2404,1
18,606,2404,1
18,517,2404,1
18,535,2404,1
18,540,2404,1
18,555,2404,1
18,569,2404,1
18,598,2404,1
18,601,2404,1
18,619,2404,1
18,674,2404,1
18,629,2404,1
18,630,2404,1
18,633,2404,1
18,662,2404,1
18,665,2404,1
18,668,2404,1
18,670,2404,1
10,387,2404,1
10,381,2404,1
10,312,2404,1
1,706,2404,1
1,661,1024,1
1,660,1026,1
1,651,2404,1
377,18,43926,1
1,643,2404,1
384,10,42672,1
1,635,2404,1
387,10,37986,1
1,621,2404,1
393,1,2404,1
1,603,2404,1
1,600,2404,1
398,1,33166,1
1,578,2404,1
1,564,2404,1
1,562,2404,1
1,549,1026,1
1,673,2404,1
1,729,2404,1
10,309,2404,1
1,742,2404,1
1,869,1026,1
1,866,1024,1
1,849,2404,1
1,837,2404,1
1,836,1024,1
1,829,2404,1
1,819,2404,1
1,812,2404,1
323,1,42978,1
1,790,2404,1
1,772,1026,1
1,770,2404,1
1,764,2404,1
335,18,38822,1
340,18,37434,1
1,744,1036,1
346,18,57006,1
1,546,2404,1
1,545,2404,1
1,541,2404,1
423,10,39188,1
1,229,2404,1
525,10,57092,1
1,220,2404,1
529,1,2404,1
532,18,34910,1
540,18,54046,1
541,1,53616,1
542,10,37786,1
545,1,36090,1
549,1,2404,1
551,8,2404,1
552,10,55934,1
555,18,54950,1
1,169,2404,1
562,1,58050,1
564,1,54616,1
569,18,58250,1
513,8,2404,1
1,263,2404,1
1,264,2404,1
456,1,43848,1
1,530,2404,1
427,18,38268,1
1,523,2404,1
1,497,2404,1
438,18,36072,1
446,1,45830,1
454,18,46956,1
461,10,38358,1
1,279,2404,1
468,8,39518,1
470,8,49638,1
1,398,2404,1
1,393,1024,1
485,10,53020,1
1,332,2404,1
492,18,49786,1
1,872,2404,1
1,886,1024,1
1,898,2404,1
8,721,2404,1
8,876,2404,1
8,875,2404,1
8,870,1025,1
8,861,1025,1
8,859,2404,1
8,852,1025,1
8,843,1025,1
8,813,2404,1
8,810,2404,1
8,801,1025,1
8,797,2404,1
8,795,2404,1
8,763,2404,1
8,759,1025,1
8,758,1026,1
8,741,1025,1
8,730,1025,1
8,881,2404,1
8,882,2404,1
139,10,44376,1
8,950,2404,1
10,280,2404,1
10,251,2404,1
10,239,2404,1
10,221,2404,1
10,219,2404,1
10,139,2404,1
10,131,2404,1
8,924,2404,1
8,884,2405,1
8,923,1025,1
8,919,1025,1
8,911,2404,1
8,899,1026,1
8,896,2404,1
137,136,2404,1
8,892,2680,1
8,724,2404,1
8,715,2404,1
1,912,2404,1
176,18,33358,1
219,10,53346,1
220,1,54084,1
8,571,2404,1
8,570,2404,1
229,1,42922,1
8,553,2404,1
8,537,2404,1
8,536,2404,1
238,10,48160,1
239,10,45686,1
8,527,2404,1
8,503,2404,1
8,493,2404,1
8,468,2404,1
8,410,2404,1
8,178,2404,1
1,942,1026,1
8,591,2404,1
215,18,39690,1
8,594,3763,1
8,638,1026,1
8,693,2404,1
179,178,2404,1
8,659,2404,1
8,658,2404,1
8,654,2404,1
191,10,35954,1
8,639,2404,1
8,632,1025,1
210,10,40006,1
8,629,2404,1
8,626,2404,1
8,624,2404,1
201,197,2404,1
8,620,4340,1
8,605,1025,1
8,599,1025,1
954,1,57920,1
